length,population_size,tournaments,elitism_rate,mutation_rate
6144,100,3,40,30
6155,100,4,90,10
6177,150,8,40,50
6229,150,2,80,40
6286,100,6,70,30
6288,100,4,20,30
6357,150,6,10,30
6387,150,9,10,10
6411,150,8,40,60
6421,150,3,90,10
6422,150,6,70,80
6424,100,6,60,90
6443,100,9,90,40
6444,100,7,10,70
6473,100,8,90,50
6499,150,3,60,20
6504,100,5,80,60
6506,150,2,40,30
6518,150,7,40,30
6523,100,7,60,40
6530,100,5,80,90
6533,150,7,30,60
6548,150,5,10,10
6549,100,6,80,10
6559,100,3,60,50
6579,150,4,50,50
6579,150,6,20,40
6603,150,5,90,30
6610,100,4,70,30
6615,150,6,30,50
6636,100,6,10,90
6652,100,4,40,20
6661,100,3,40,60
6669,150,3,30,10
6688,100,4,40,70
6688,150,5,50,10
6689,100,2,80,90
6708,100,5,20,60
6714,100,7,30,50
6714,150,7,50,60
6716,150,2,90,60
6719,150,4,90,60
6723,100,5,70,80
6724,150,6,80,60
6734,150,8,30,10
6743,150,5,40,20
6744,100,5,30,90
6749,150,7,90,80
6750,100,9,80,70
6751,150,3,30,90
6752,150,7,80,70
6761,150,9,20,40
6764,150,9,30,80
6772,150,3,50,80
6780,150,3,80,90
6782,150,7,60,70
6790,100,6,90,60
6792,150,2,50,10
6794,100,9,30,80
6795,150,2,90,10
6800,100,5,60,20
6801,100,5,70,60
6802,100,6,30,30
6815,150,7,30,10
6817,150,2,80,30
6817,150,8,70,10
6821,150,7,10,70
6826,150,3,30,40
6829,100,9,30,70
6836,100,9,90,50
6838,150,4,80,70
6839,100,9,70,80
6839,150,3,10,30
6840,100,7,90,20
6840,150,6,30,10
6840,150,8,10,80
6841,100,3,90,20
6841,150,7,10,90
6842,100,9,50,20
6849,150,7,50,40
6851,100,5,20,40
6861,100,3,90,10
6862,150,3,80,40
6869,150,4,10,30
6869,150,4,60,70
6871,100,3,30,30
6874,100,7,80,30
6874,150,5,30,30
6876,100,6,40,90
6879,100,4,60,60
6886,150,2,70,20
6888,100,6,20,70
6889,150,4,20,40
6890,150,6,50,60
6895,150,8,80,10
6897,100,8,20,40
6897,150,6,90,10
6897,150,9,30,90
6898,150,9,30,20
6902,100,8,10,70
6902,150,4,30,50
6902,150,5,60,60
6911,150,2,10,70
6914,100,7,40,10
6915,100,8,70,40
6915,150,8,20,40
6918,150,4,30,40
6919,100,2,60,30
6919,150,4,20,70
6925,150,3,90,80
6925,150,5,60,90
6926,150,9,90,80
6929,100,2,10,20
6929,100,2,20,20
6932,100,4,40,80
6935,150,5,10,60
6939,150,6,80,40
6941,150,2,20,50
6945,150,6,20,90
6948,100,7,70,10
6951,150,9,20,60
6954,100,4,30,10
6959,150,4,40,10
6960,100,5,70,20
6961,150,9,80,10
6966,100,2,40,50
6968,100,7,90,80
6969,150,9,40,90
6970,100,8,60,80
6974,100,3,40,10
6985,150,7,40,90
6985,150,9,70,10
6989,100,6,50,30
6991,100,2,80,60
6996,150,5,20,40
6996,150,7,50,90
6999,100,5,60,60
7001,100,2,90,50
7002,150,5,70,20
7003,100,6,90,70
7003,150,8,40,30
7006,150,8,60,30
7007,100,3,20,10
7007,150,3,40,60
7008,150,4,70,30
7011,150,8,70,60
7015,100,2,90,10
7015,150,3,90,60
7017,150,4,80,60
7019,100,6,80,50
7020,150,4,90,50
7020,150,5,80,40
7021,100,7,90,10
7025,150,5,90,70
7026,100,4,30,40
7026,100,7,20,20
7028,100,3,70,40
7028,150,2,50,90
7029,150,6,50,40
7029,150,7,90,50
7035,100,2,50,40
7039,150,2,20,60
7039,150,6,50,80
7041,100,4,10,90
7041,100,9,10,80
7041,150,7,90,30
7042,100,2,40,90
7043,100,4,10,60
7048,100,9,10,60
7050,100,4,40,90
7050,150,7,30,70
7052,150,2,60,80
7054,150,3,60,40
7060,100,9,40,70
7060,100,9,50,80
7060,150,5,60,40
7062,100,2,30,60
7063,100,3,60,60
7063,150,3,40,20
7063,150,7,60,80
7065,150,5,30,20
7066,150,2,80,20
7068,150,4,90,30
7069,100,9,20,10
7073,100,4,50,70
7076,150,2,40,90
7076,150,7,70,60
7078,100,6,80,80
7079,150,8,50,60
7080,100,6,90,80
7082,100,4,80,40
7083,150,5,20,30
7084,100,3,20,20
7084,100,9,90,90
7084,150,9,10,40
7084,150,9,70,90
7086,150,2,40,10
7086,150,6,50,20
7088,150,4,60,80
7089,150,5,40,90
7089,150,8,50,90
7091,150,7,40,80
7093,100,3,60,70
7095,150,8,70,20
7096,100,6,80,20
7096,100,7,80,50
7098,100,8,10,60
7098,150,5,70,90
7100,150,4,40,90
7101,100,4,90,40
7103,100,2,90,40
7103,100,8,70,80
7103,150,8,50,70
7103,150,8,90,80
7104,100,8,60,50
7104,150,7,50,30
7105,100,4,30,20
7105,150,6,90,60
7105,150,7,70,70
7107,150,5,40,70
7109,100,7,80,60
7109,150,3,80,20
7115,100,3,10,70
7115,150,2,10,40
7116,100,8,40,90
7116,150,7,30,20
7117,100,2,30,80
7118,100,5,60,40
7121,100,3,80,20
7121,100,9,50,50
7123,100,7,80,90
7123,100,9,70,40
7128,150,8,90,40
7129,150,7,40,50
7130,100,4,80,20
7130,100,6,70,20
7130,150,6,80,20
7131,150,2,90,40
7131,150,4,70,70
7133,100,8,20,90
7136,100,4,60,50
7138,150,8,10,10
7139,100,7,30,90
7139,150,5,10,20
7143,100,7,80,20
7144,150,6,90,40
7145,100,5,30,40
7146,100,6,90,20
7146,100,8,60,30
7146,150,5,30,10
7148,150,7,50,70
7150,150,8,30,20
7154,150,2,40,20
7155,150,3,90,30
7156,100,7,30,10
7156,100,8,70,70
7156,150,8,60,90
7162,100,7,50,40
7164,150,6,30,90
7166,150,7,20,70
7168,100,6,80,30
7170,150,6,40,10
7173,100,6,20,50
7174,150,3,80,50
7174,150,4,70,80
7174,150,6,10,80
7174,150,8,30,80
7179,100,4,40,30
7179,100,8,90,10
7180,100,5,90,60
7181,150,8,20,70
7182,150,2,90,80
7184,100,5,70,10
7185,150,9,50,50
7191,100,9,10,40
7194,150,7,80,40
7197,100,2,20,80
7197,100,3,50,90
7200,150,6,60,10
7201,100,2,50,60
7201,100,3,50,30
7204,150,8,20,50
7204,150,9,80,50
7208,100,8,10,10
7208,150,2,90,30
7209,150,3,10,10
7209,150,5,80,70
7210,100,7,60,90
7210,100,8,30,20
7210,150,3,60,30
7211,100,5,90,70
7211,150,9,20,20
7212,150,2,60,10
7216,150,6,70,90
7217,100,8,60,10
7221,150,3,20,50
7223,100,8,10,20
7226,150,2,80,70
7226,150,4,10,20
7227,100,2,30,50
7227,150,9,20,50
7228,100,4,20,40
7231,100,4,20,60
7231,150,9,30,50
7234,150,7,70,20
7236,150,3,70,50
7236,150,6,30,40
7237,100,7,60,10
7237,150,6,20,20
7238,150,5,50,30
7238,150,6,80,30
7239,150,2,30,40
7240,100,2,60,80
7240,100,8,50,90
7240,100,9,50,70
7241,100,8,40,50
7241,150,5,50,20
7241,150,6,60,90
7241,150,9,40,60
7244,100,3,50,20
7244,150,6,30,70
7245,100,6,40,80
7245,100,6,70,80
7245,100,9,70,60
7249,150,8,90,60
7250,100,9,10,90
7250,100,9,60,50
7252,100,7,50,30
7252,150,9,60,20
7256,150,7,40,40
7258,100,4,20,10
7260,150,2,70,70
7262,150,2,70,60
7262,150,7,40,60
7264,150,3,10,90
7265,100,9,40,20
7265,150,4,90,80
7267,150,7,70,40
7267,150,9,40,40
7268,150,4,80,90
7268,150,8,10,30
7269,100,9,20,70
7271,150,4,70,90
7272,150,2,60,90
7276,100,4,70,80
7276,100,6,60,60
7276,150,3,10,40
7276,150,5,40,40
7276,150,8,20,60
7278,150,2,50,60
7279,150,5,90,20
7280,150,2,50,30
7282,150,3,10,20
7284,100,3,80,60
7285,150,4,50,40
7288,100,9,40,30
7289,100,6,10,80
7289,150,3,50,30
7290,100,8,30,50
7290,150,3,50,70
7290,150,6,20,60
7290,150,8,70,50
7291,100,9,80,90
7291,150,4,20,20
7291,150,5,50,70
7295,100,6,60,40
7305,100,9,70,30
7306,100,4,60,30
7306,100,6,40,10
7306,100,7,60,30
7309,100,4,80,60
7309,100,5,50,40
7314,100,3,10,20
7315,100,2,70,60
7315,150,9,80,80
7319,150,7,80,60
7321,100,4,80,10
7321,100,5,30,10
7321,150,8,20,20
7322,100,6,60,20
7322,100,7,10,30
7324,100,4,60,10
7324,100,9,80,20
7324,150,4,40,40
7325,100,8,50,60
7325,150,7,20,50
7326,100,6,50,50
7326,150,8,80,40
7327,100,6,10,30
7328,100,2,40,70
7328,100,6,70,40
7331,100,7,80,40
7332,150,9,70,30
7333,150,6,80,90
7333,150,7,50,80
7334,100,6,90,90
7336,100,6,40,40
7337,150,2,10,80
7337,150,7,50,10
7338,100,2,30,10
7338,100,5,90,40
7338,150,4,40,30
7339,150,8,10,70
7340,100,5,30,60
7340,100,7,20,60
7341,100,6,60,10
7342,100,8,60,60
7343,100,2,30,30
7345,150,4,80,30
7347,100,8,50,10
7349,150,9,50,60
7351,150,4,20,60
7352,150,6,10,40
7352,150,6,70,30
7356,100,9,70,20
7356,150,4,60,20
7356,150,6,30,60
7357,150,2,20,90
7360,150,7,20,10
7363,150,4,30,10
7364,100,7,60,20
7365,150,6,90,90
7365,150,8,70,40
7366,100,5,20,50
7370,100,4,10,80
7370,100,9,20,30
7372,100,4,30,60
7373,100,2,10,90
7373,100,7,50,60
7373,100,8,90,20
7374,150,2,10,90
7378,100,4,30,70
7382,150,5,40,60
7383,100,2,10,50
7384,150,8,20,90
7386,100,3,60,10
7387,150,4,30,90
7388,100,8,50,20
7389,100,6,60,50
7390,100,9,40,90
7393,150,2,20,70
7393,150,3,70,90
7394,100,4,10,50
7394,150,5,10,40
7398,100,5,40,80
7400,100,8,50,30
7401,150,3,90,20
7401,150,5,40,50
7402,100,2,80,10
7402,150,2,40,70
7402,150,4,40,60
7402,150,6,40,20
7407,100,5,80,50
7408,150,6,30,80
7408,150,8,60,80
7409,100,4,50,20
7409,100,4,50,50
7409,150,2,10,20
7409,150,5,30,70
7411,100,3,30,10
7412,150,3,30,30
7412,150,6,70,20
7413,150,7,70,80
7415,100,5,30,70
7415,150,9,10,20
7417,100,9,30,20
7419,150,2,60,40
7419,150,6,50,50
7420,100,8,90,90
7421,100,2,40,20
7421,100,7,30,20
7421,100,9,80,10
7422,100,5,20,20
7422,100,5,80,40
7427,100,2,90,20
7429,100,3,30,60
7430,100,7,70,50
7431,150,6,10,70
7431,150,8,20,10
7433,150,5,10,80
7434,100,4,60,20
7434,100,8,90,30
7434,150,3,20,20
7435,100,2,70,80
7435,150,2,20,10
7435,150,4,20,10
7437,100,4,20,70
7437,100,5,80,80
7437,150,9,90,90
7439,100,3,20,50
7439,150,3,80,60
7441,100,4,60,40
7441,100,5,10,60
7443,100,3,70,50
7444,100,3,20,70
7444,100,3,70,90
7444,100,9,60,30
7444,150,4,50,10
7445,100,4,40,60
7445,150,3,70,80
7446,100,6,30,10
7446,100,9,80,40
7448,100,2,50,20
7450,100,6,20,40
7454,100,5,80,20
7455,100,4,30,80
7455,150,3,90,90
7456,100,5,10,70
7458,150,4,10,50
7460,150,9,20,30
7461,100,2,90,90
7465,150,4,60,10
7466,100,9,30,90
7467,150,5,20,10
7469,100,3,30,70
7470,100,6,20,60
7470,150,8,80,90
7472,100,5,50,30
7472,150,4,30,60
7473,150,7,30,30
7475,100,7,10,80
7476,100,3,10,30
7477,150,8,40,10
7478,100,4,50,90
7478,100,8,90,40
7478,150,7,70,50
7481,150,5,80,90
7484,100,7,90,90
7485,150,8,70,70
7486,150,9,50,80
7487,100,7,40,80
7487,150,9,50,10
7487,150,9,60,60
7488,100,3,80,50
7488,100,8,60,20
7489,150,7,60,10
7490,100,6,80,60
7490,100,8,40,10
7490,150,3,10,50
7491,100,3,60,90
7493,100,5,40,50
7493,150,5,80,10
7495,150,2,30,10
7496,100,8,40,40
7498,150,3,50,60
7500,100,2,70,30
7502,100,3,10,40
7502,150,2,20,20
7504,150,9,80,40
7505,100,3,30,90
7505,100,7,10,10
7507,150,5,90,10
7509,100,8,80,90
7512,150,3,20,30
7514,100,6,50,60
7518,150,3,40,70
7518,150,5,40,30
7518,150,6,60,70
7519,100,7,70,20
7520,100,8,80,40
7520,150,6,50,30
7521,100,5,50,90
7521,100,7,40,30
7523,100,6,70,10
7524,100,3,50,70
7526,100,7,30,70
7528,100,7,80,70
7530,100,6,90,10
7531,150,9,80,60
7532,100,3,20,60
7532,100,4,30,50
7532,150,8,60,20
7534,100,3,90,90
7534,100,6,30,70
7534,100,9,40,50
7535,100,8,40,70
7535,150,4,30,80
7536,100,4,20,20
7537,100,3,20,40
7538,100,5,10,20
7538,100,9,20,20
7538,150,3,30,70
7539,150,8,40,40
7540,100,2,40,60
7541,100,3,80,10
7542,150,4,20,50
7545,100,9,10,20
7545,150,8,10,60
7547,150,2,40,60
7548,100,6,70,90
7552,100,4,90,20
7553,150,2,60,30
7553,150,3,80,70
7553,150,8,80,20
7554,150,3,20,40
7555,150,7,80,80
7557,150,8,30,70
7558,100,6,40,70
7560,150,3,10,80
7561,150,3,10,70
7562,150,6,70,70
7564,100,4,40,10
7565,100,6,40,30
7566,100,9,60,90
7566,150,5,50,60
7566,150,8,30,40
7566,150,8,50,20
7570,100,2,60,60
7570,150,3,30,60
7573,100,5,50,70
7573,150,8,30,50
7573,150,9,90,40
7574,150,4,10,80
7575,150,7,50,20
7576,150,7,20,40
7577,100,6,20,10
7577,100,8,80,80
7580,150,3,60,60
7580,150,9,20,70
7581,150,9,80,20
7583,150,2,50,80
7584,100,2,20,40
7584,150,2,30,60
7585,150,8,90,50
7588,100,8,80,50
7588,150,7,70,30
7588,150,8,60,10
7589,100,7,60,60
7590,150,8,90,10
7591,100,6,60,70
7593,100,8,10,80
7593,150,9,70,20
7594,150,2,10,30
7596,100,5,40,20
7596,100,9,80,50
7597,100,5,30,20
7598,100,3,50,40
7599,100,7,80,10
7600,100,4,50,60
7600,100,8,10,50
7601,100,5,70,90
7603,150,8,60,40
7604,150,7,10,50
7605,150,4,60,50
7606,100,7,40,50
7608,150,4,50,80
7608,150,8,80,80
7610,100,7,40,90
7610,150,7,60,30
7612,100,3,20,80
7612,100,6,50,80
7612,100,8,60,90
7617,100,3,50,50
7617,100,7,40,40
7617,100,7,50,70
7619,150,8,30,30
7620,150,6,10,20
7625,100,9,20,80
7626,100,2,30,40
7627,100,2,90,80
7627,100,8,10,90
7627,150,2,60,70
7629,100,4,50,10
7629,150,2,90,70
7629,150,3,40,40
7630,150,5,70,60
7631,100,4,60,70
7631,150,8,90,30
7632,100,3,40,20
7632,100,4,50,80
7633,100,6,80,40
7635,100,3,10,50
7635,100,9,50,10
7635,150,4,80,80
7637,150,2,60,60
7640,100,8,80,70
7642,100,2,10,70
7642,150,4,80,40
7642,150,5,70,70
7643,150,5,80,80
7644,100,2,20,60
7644,100,3,50,80
7644,150,8,40,90
7645,100,6,30,50
7647,100,4,80,70
7649,150,7,60,20
7650,100,2,20,70
7650,100,5,90,90
7650,100,9,20,50
7650,150,2,30,90
7651,100,6,10,50
7651,150,3,40,30
7653,150,5,90,80
7654,100,2,60,50
7656,150,5,20,80
7657,150,8,10,50
7658,100,3,10,10
7658,100,4,90,50
7660,150,3,40,90
7661,150,6,30,20
7662,100,4,40,40
7663,100,4,80,50
7663,100,8,30,10
7663,150,8,10,20
7664,150,6,40,50
7665,100,8,30,70
7666,150,6,90,70
7669,100,9,10,30
7670,150,6,60,20
7671,100,9,40,60
7671,150,2,70,80
7672,100,4,10,70
7673,100,3,30,20
7673,150,3,60,80
7673,150,4,50,90
7674,100,9,50,30
7675,100,7,70,60
7675,150,2,10,60
7676,150,7,30,40
7677,100,4,90,80
7677,150,6,10,90
7680,100,4,80,90
7680,150,4,40,20
7680,150,6,80,70
7681,100,5,90,10
7682,150,7,10,80
7682,150,8,10,90
7682,150,9,50,20
7683,150,2,30,30
7684,100,9,20,40
7687,150,6,50,70
7688,150,6,90,30
7692,100,4,90,90
7693,100,3,70,70
7693,150,6,70,50
7694,100,4,70,40
7696,100,5,10,10
7698,100,5,10,80
7700,100,5,40,90
7701,100,4,70,90
7703,150,5,30,40
7703,150,9,60,30
7704,100,6,30,60
7704,100,9,60,80
7705,100,2,40,30
7705,100,4,10,30
7706,150,7,20,90
7706,150,9,60,10
7709,100,2,70,20
7709,150,9,90,70
7711,150,6,10,10
7712,150,4,50,70
7713,100,2,80,40
7713,150,5,90,40
7715,100,4,80,30
7715,150,5,60,10
7715,150,5,60,20
7716,150,8,80,70
7719,150,5,50,50
7719,150,9,40,20
7722,100,6,10,20
7722,150,9,40,10
7723,150,7,70,10
7723,150,8,90,70
7724,100,2,90,30
7725,100,2,30,90
7726,100,6,10,10
7731,150,3,20,70
7732,100,3,70,80
7732,100,7,20,70
7733,150,5,70,80
7737,100,6,70,50
7737,150,2,80,50
7740,150,3,60,90
7741,150,7,40,10
7741,150,9,60,50
7743,100,8,80,60
7743,150,2,70,90
7744,100,5,60,80
7746,100,7,20,40
7750,100,4,50,30
7751,100,8,30,30
7752,150,2,90,20
7753,100,7,70,80
7753,150,6,60,30
7753,150,6,60,60
7755,150,4,10,10
7756,150,7,20,20
7757,100,2,70,10
7757,150,9,80,30
7758,100,9,90,60
7759,100,7,90,60
7760,100,4,80,80
7760,150,2,30,70
7760,150,8,70,80
7761,100,3,40,80
7762,150,9,50,40
7763,150,7,90,60
7764,100,7,40,60
7764,150,2,70,10
7764,150,9,70,60
7766,100,2,50,80
7770,100,5,60,70
7770,100,7,90,50
7770,100,9,80,80
7771,100,2,10,10
7773,150,9,30,70
7776,100,2,70,40
7776,150,3,20,80
7776,150,6,80,10
7777,150,3,50,90
7778,100,9,80,60
7778,150,7,60,40
7780,100,4,60,80
7780,100,7,10,20
7781,150,2,70,50
7781,150,7,90,70
7782,150,9,40,30
7784,100,6,90,40
7784,150,7,80,30
7785,100,2,80,70
7785,100,4,90,60
7786,150,3,80,30
7788,150,3,70,10
7789,100,7,60,50
7789,150,2,10,10
7789,150,2,40,80
7789,150,6,80,50
7789,150,9,90,10
7793,100,3,40,40
7793,150,7,10,10
7795,100,3,50,60
7795,100,5,40,60
7795,150,7,60,60
7796,100,2,50,90
7798,100,6,10,60
7799,100,6,70,60
7801,100,3,90,70
7801,100,8,20,70
7801,150,7,40,20
7801,150,9,40,70
7801,150,9,70,70
7803,100,2,60,40
7803,100,5,40,40
7804,100,2,60,70
7807,150,2,70,40
7808,150,8,50,80
7811,100,5,70,50
7812,100,3,70,30
7813,100,6,40,20
7814,100,5,80,30
7814,150,5,60,80
7815,100,3,10,80
7815,100,8,70,10
7819,100,3,10,60
7819,150,3,20,90
7821,100,8,50,40
7822,100,8,20,10
7822,150,2,50,70
7826,150,4,80,50
7827,100,7,20,10
7827,150,4,70,10
7832,100,2,50,10
7832,100,6,20,30
7832,150,4,70,60
7835,150,2,60,20
7836,100,5,90,50
7836,150,6,40,60
7838,100,4,50,40
7839,100,9,40,80
7842,100,3,60,30
7842,150,2,20,30
7846,100,6,10,40
7846,150,9,30,30
7849,100,5,80,70
7850,150,4,40,70
7851,100,6,20,80
7852,150,6,60,40
7853,100,7,50,80
7854,100,5,90,30
7855,150,8,80,50
7858,100,7,30,30
7862,100,6,20,90
7862,100,6,80,70
7862,150,4,80,20
7863,150,8,90,20
7864,100,5,20,10
7864,150,4,60,40
7866,150,4,60,60
7867,150,5,60,70
7869,100,6,90,50
7873,150,2,90,90
7874,100,4,20,90
7875,100,8,30,80
7876,100,6,40,50
7876,100,7,70,30
7877,100,8,60,40
7878,150,5,30,50
7882,100,4,70,10
7883,100,3,70,60
7883,100,5,10,30
7883,150,4,20,80
7884,150,3,30,20
7885,100,9,60,20
7887,150,6,40,80
7890,100,5,30,30
7890,150,2,20,80
7892,150,7,90,90
7893,150,6,70,10
7894,100,2,40,10
7894,100,6,90,30
7894,100,7,30,60
7894,150,5,80,20
7894,150,6,30,30
7895,150,3,60,50
7899,150,9,30,60
7901,150,8,20,80
7904,150,8,30,90
7910,100,8,70,90
7911,100,8,50,70
7912,100,9,10,70
7916,100,8,40,80
7917,100,8,20,20
7918,100,7,10,60
7922,100,5,20,70
7922,150,6,50,10
7922,150,7,10,20
7925,100,7,60,80
7925,150,4,50,20
7925,150,8,60,70
7926,150,4,10,60
7930,100,7,70,90
7933,100,5,70,70
7933,150,9,20,10
7934,150,9,10,80
7935,100,5,10,90
7935,150,4,10,90
7936,100,6,50,40
7936,150,4,20,30
7936,150,5,30,60
7936,150,7,20,60
7937,150,2,80,10
7939,100,7,80,80
7939,150,5,80,60
7940,100,4,70,70
7941,100,4,10,10
7941,100,5,60,90
7942,100,9,80,30
7945,150,8,50,40
7946,100,8,40,20
7946,150,5,20,90
7947,100,9,50,90
7948,150,8,40,70
7949,100,3,20,30
7951,150,5,70,30
7953,100,9,30,60
7953,150,9,90,60
7954,150,5,50,40
7954,150,9,30,40
7957,150,7,60,50
7959,100,3,90,60
7960,150,8,40,20
7961,150,4,10,70
7961,150,4,40,50
7962,100,5,60,30
7964,100,7,70,70
7969,150,8,80,30
7972,100,5,50,80
7973,150,8,50,50
7974,100,6,30,40
7974,100,9,90,70
7974,150,5,40,10
7976,150,2,80,80
7977,100,4,20,80
7977,100,4,60,90
7977,150,9,60,40
7978,100,2,60,20
7978,100,6,50,10
7979,150,5,20,70
7985,150,5,20,20
7985,150,9,50,30
7986,150,2,20,40
7986,150,6,90,80
7988,150,8,50,30
7989,100,2,40,80
7992,150,7,30,80
7994,100,2,80,80
7996,100,8,20,60
7997,150,5,10,90
7999,100,3,40,70
7999,100,6,10,70
8000,150,6,10,60
8001,150,3,80,10
8001,150,6,70,40
8004,100,7,10,90
8005,100,6,30,90
8005,100,9,70,50
8007,150,8,30,60
8009,150,8,70,90
8013,100,7,90,30
8014,100,5,50,60
8016,150,6,90,20
8017,100,4,90,70
8019,100,2,70,50
8022,100,2,60,90
8022,150,3,20,10
8023,100,4,70,20
8023,100,9,90,30
8023,150,5,50,80
8027,100,5,40,10
8027,150,9,70,80
8028,150,6,20,10
8032,100,4,40,50
8032,100,5,10,40
8032,100,7,70,40
8032,150,2,50,40
8034,150,7,20,30
8034,150,7,70,90
8036,100,8,30,60
8038,150,9,70,50
8040,150,3,60,10
8041,150,8,80,60
8044,150,4,70,40
8044,150,6,60,80
8053,100,9,90,80
8057,100,8,50,50
8059,150,2,40,40
8059,150,5,10,50
8059,150,5,40,80
8062,100,9,20,90
8062,150,2,60,50
8066,100,4,10,40
8066,150,3,70,60
8067,100,3,70,10
8067,150,5,10,70
8070,150,2,50,20
8070,150,5,70,10
8073,100,5,20,90
8077,100,5,50,20
8077,150,5,20,50
8077,150,8,60,60
8078,100,7,90,70
8078,100,9,60,60
8078,150,3,50,40
8079,100,8,60,70
8080,100,8,70,30
8081,100,7,20,50
8083,150,5,60,30
8085,100,8,70,50
8085,150,4,70,50
8086,100,2,20,10
8086,150,5,70,40
8086,150,9,20,80
8088,100,3,60,20
8088,150,3,10,60
8088,150,3,80,80
8088,150,5,90,90
8089,150,3,70,40
8089,150,9,10,90
8090,100,3,40,90
8091,100,7,60,70
8093,100,8,70,60
8094,150,8,70,30
8095,150,8,50,10
8096,150,3,40,50
8096,150,3,60,70
8097,100,7,20,90
8100,100,8,90,80
8102,100,8,20,30
8102,150,3,90,70
8105,100,3,50,10
8106,150,7,90,20
8107,100,3,90,80
8109,150,7,80,10
8112,100,8,80,10
8112,150,7,30,90
8113,100,9,90,10
8114,100,9,50,60
8123,100,4,70,50
8124,100,8,50,80
8125,150,6,70,60
8126,100,4,30,90
8129,150,4,50,60
8131,150,3,50,10
8134,150,6,40,30
8136,150,8,90,90
8138,100,7,90,40
8139,100,3,90,40
8143,100,3,30,80
8143,100,5,40,70
8144,150,6,20,30
8147,100,7,10,50
8151,100,8,10,40
8151,150,2,10,50
8155,100,2,90,70
8156,100,5,50,50
8157,100,2,20,30
8157,100,5,80,10
8158,100,7,40,20
8160,100,7,50,20
8160,150,3,40,80
8162,100,6,80,90
8163,100,2,80,50
8166,100,3,20,90
8169,150,4,30,20
8171,150,4,60,30
8176,100,3,90,30
8176,150,5,80,30
8179,100,2,10,30
8179,100,6,50,20
8179,150,5,30,80
8188,100,9,70,90
8191,150,6,20,70
8193,100,6,40,60
8194,150,4,90,40
8195,100,5,10,50
8195,150,5,90,50
8197,100,7,20,80
8199,150,5,80,50
8200,100,5,40,30
8204,100,5,20,80
8204,100,7,40,70
8205,150,8,40,80
8213,100,5,70,40
8213,100,7,20,30
8213,150,5,70,50
8215,150,7,60,90
8216,150,6,60,50
8222,100,8,20,50
8223,100,2,70,90
8226,100,8,40,30
8226,150,7,40,70
8230,150,9,60,70
8232,100,6,50,70
8235,150,9,10,30
8239,150,9,10,50
8242,150,7,20,80
8243,100,4,90,30
8246,100,2,20,50
8247,150,9,20,90
8250,150,6,40,40
8255,150,7,10,60
8257,150,3,40,10
8258,150,7,10,30
8263,150,7,90,40
8270,150,5,20,60
8275,100,7,30,80
8277,150,2,80,90
8279,100,3,80,90
8284,150,6,90,50
8287,150,5,30,90
8291,100,3,30,40
8294,100,3,10,90
8295,100,5,60,50
8299,150,4,30,30
8300,100,5,50,10
8300,150,3,50,20
8302,150,2,30,50
8302,150,4,80,10
8303,100,8,30,90
8306,150,3,20,60
8314,100,3,70,20
8316,100,5,60,10
8318,150,9,40,80
8320,100,4,10,20
8321,100,9,20,60
8325,150,5,60,50
8326,150,9,60,80
8327,100,9,40,10
8329,100,8,20,80
8329,150,5,50,90
8331,100,4,30,30
8331,150,6,40,70
8338,100,2,30,70
8349,100,9,30,40
8353,100,9,60,40
8357,100,7,50,10
8359,150,6,20,50
8361,100,6,70,70
8366,150,2,90,50
8372,100,5,90,20
8372,150,3,90,40
8379,100,2,80,30
8379,150,5,10,30
8383,150,3,70,70
8385,100,6,50,90
8386,150,4,90,70
8386,150,9,50,70
8390,150,7,80,20
8392,150,2,70,30
8393,150,4,90,90
8394,150,2,50,50
8395,150,9,90,30
8403,100,8,10,30
8403,150,9,40,50
8405,150,7,10,40
8406,100,3,80,80
8407,100,9,90,20
8408,100,3,60,80
8415,100,6,20,20
8422,150,9,80,90
8426,100,2,50,50
8427,100,8,70,20
8429,100,2,80,20
8431,150,4,30,70
8432,100,2,50,70
8437,150,4,50,30
8442,100,2,60,10
8444,100,2,90,60
8445,150,9,10,60
8446,100,9,10,50
8446,150,7,80,50
8447,150,8,10,40
8461,100,9,30,10
8465,100,9,50,40
8470,150,9,90,50
8471,150,3,70,30
8473,100,5,70,30
8473,150,3,30,80
8474,100,8,90,70
8474,150,4,90,20
8480,100,4,20,50
8482,150,2,40,50
8486,150,9,70,40
8487,100,9,70,10
8490,100,2,10,60
8491,150,5,90,60
8495,100,5,20,30
8497,100,7,50,90
8503,150,6,50,90
8508,100,6,30,20
8510,100,8,30,40
8510,150,9,50,90
8515,100,3,90,50
8516,100,2,70,70
8519,100,8,80,20
8522,100,3,80,40
8527,100,5,30,80
8527,150,3,50,50
8529,100,9,70,70
8530,100,3,80,30
8530,100,6,30,80
8533,100,2,40,40
8533,100,8,40,60
8537,150,4,70,20
8539,150,9,30,10
8542,100,9,30,30
8544,150,6,20,80
8552,100,2,50,30
8554,150,7,30,50
8555,150,7,90,10
8562,100,2,10,80
8562,150,7,50,50
8567,150,2,30,80
8577,150,6,40,90
8611,100,9,10,10
8629,150,4,90,10
8630,150,4,40,80
8636,100,7,50,50
8636,150,4,20,90
8656,150,6,10,50
8667,100,8,80,30
8672,150,3,70,20
8682,100,5,90,80
8682,150,8,20,30
8684,100,6,60,30
8690,100,2,10,40
8708,100,9,40,40
8719,100,3,30,50
8728,100,3,60,40
8728,100,3,80,70
8734,150,7,80,90
8738,150,4,10,40
8751,150,9,80,70
8763,100,9,60,10
8771,150,9,90,20
8781,150,8,60,50
8789,150,4,60,90
8790,150,9,10,70
8797,100,7,10,40
8798,100,2,30,20
8805,100,9,30,50
8813,150,3,30,50
8866,100,2,20,90
8930,150,9,60,90
8948,100,3,40,50
8949,100,5,30,50
8953,100,9,60,70
8959,100,7,30,40
8982,150,3,90,50
9051,150,2,80,60
9169,100,6,60,80
9172,100,8,90,60
9378,150,6,80,80
9388,150,2,30,20
9401,100,4,70,60